COL1,COL2,COL3
one,two,three
one,two,three
one,two,three
one,two,three
one,two,three
one,two,three
one,two,three
one,two,three
one,two,three
one,two,three
one,two,three
one,two,three
one,two,three
one,two,three
one,two,three
one,two,three
one,two,three
one,two,three
one,two,three
one,two,three
one,two,three
one,two,three
one,two,three
one,two,three
one,two,three
one,two,three
one,two,three
one,two,three
one,two,three
one,two,three
one,two,three
one,two,three
one,two,three
one,two,three
one,two,three
one,two,three
one,two,three
one,two,three
one,two,three
one,two,three
one,two,three
one,two,three
one,two,three
one,two,three
one,two,three
one,two,three
one,two,three
one,two,three
one,two,three
one,two,three
one,two,three
one,two,three
one,two,three
one,two,three
one,two,three
one,two,three
one,two,three
one,two,three
one,two,three
one,two,three
one,two,three
one,two,three
one,two,three
one,two,three
one,two,three
one,two,three
one,two,three
one,two,three
one,two,three
one,two,three
one,two,three
one,two,three
one,two,three
one,two,three
one,two,three
one,two,three
one,two,three
one,two,three
one,two,three
one,two,three
one,two,three
one,two,three
one,two,three
one,two,three
one,two,three
one,two,three
one,two,three
one,two,three
one,two,three
one,two,three
one,two,three
one,two,three
one,two,three
one,two,three
one,two,three
one,two,three
one,two,three
one,two,three
one,two,three
